INSERT INTO PSI_CODIGOS (CODIGO, DESCRIPCION, IDSISTEMA, TIPO) VALUES ('fuentes1', 'Fuentes 1', 'INFO33', 'LAB');
INSERT INTO PSI_CODIGOS (CODIGO, DESCRIPCION, IDSISTEMA, TIPO) VALUES ('fuentes2', 'Fuentes 2', 'INFO33', 'LAB');
INSERT INTO PSI_CODIGOS (CODIGO, DESCRIPCION, IDSISTEMA, TIPO) VALUES ('fuentes3', 'Fuentes 3', 'INFO33', 'LAB');
INSERT INTO PSI_CODIGOS (CODIGO, DESCRIPCION, IDSISTEMA, TIPO) VALUES ('fuentes4', 'Fuentes 4', 'INFO33', 'LAB');
INSERT INTO PSI_CODIGOS (CODIGO, DESCRIPCION, IDSISTEMA, TIPO) VALUES ('562323', 'Colesterol', 'INFO33', 'LAB');
INSERT INTO PSI_CODIGOS (CODIGO, DESCRIPCION, IDSISTEMA, TIPO) VALUES ('68989', 'LDL', 'INFO33', 'LAB');
INSERT INTO PSI_CODIGOS (CODIGO, DESCRIPCION, IDSISTEMA, TIPO) VALUES ('GLU', 'GLUCOSA', 'MEDIKOSTA', 'LAB');
INSERT INTO PSI_CODIGOS (CODIGO, DESCRIPCION, IDSISTEMA, TIPO) VALUES ('GLU', 'GLUCOSA', 'INFO33', 'LAB');


INSERT INTO PSI_CORRELACIONES (CODIGOA, SISTEMAA, TIPOA, CODIGOB, SISTEMAB, TIPOB) VALUES ('68989', 'INFO33', 'LAB', 'GLU', 'MEDIKOSTA','LAB');
INSERT INTO PSI_CORRELACIONES (CODIGOA, SISTEMAA, TIPOA, CODIGOB, SISTEMAB, TIPOB) VALUES ('75595', 'INFO33', 'LAB', 'NA', 'MEDIKOSTA','LAB');
INSERT INTO PSI_CORRELACIONES (CODIGOA, SISTEMAA, TIPOA, CODIGOB, SISTEMAB, TIPOB) VALUES ('26563', 'INFO33', 'LAB', 'CRE', 'MEDIKOSTA','LAB');
INSERT INTO PSI_CORRELACIONES (CODIGOA, SISTEMAA, TIPOA, CODIGOB, SISTEMAB, TIPOB) VALUES ('72666', 'INFO33', 'LAB', 'K', 'MEDIKOSTA','LAB');

INSERT INTO PSI_TRAZAS (ID, ID_MENSAJE, SIST_MENSAJE, MENSAJE, FECHA, MODULO, DESTINO, ERROR) VALUES ('1', '1','INFO33', 'MSH....', TO_DATE('2017/05/15 08:30:25', 'YYYY/MM/DD HH:MI:SS'), 'WAS','INFO33_03', '');
INSERT INTO PSI_TRAZAS (ID, ID_MENSAJE, SIST_MENSAJE, MENSAJE, FECHA, MODULO, DESTINO, ERROR) VALUES ('2', '2','MEDIKOSTA', 'MSH....', TO_DATE('2017/05/15 08:30:25', 'YYYY/MM/DD HH:MI:SS'), 'WAS','INFO33_03', 'ERROR');
INSERT INTO PSI_TRAZAS (ID, ID_MENSAJE, SIST_MENSAJE, MENSAJE, FECHA, MODULO, DESTINO, ERROR) VALUES ('3', '3','INFO33', 'MSH....', TO_DATE('2017/05/15 08:30:25', 'YYYY/MM/DD HH:MI:SS'), 'WAS','INFO33_03', 'ERROR');
INSERT INTO PSI_TRAZAS (ID, ID_MENSAJE, SIST_MENSAJE, MENSAJE, FECHA, MODULO, DESTINO, ERROR) VALUES ('4', '4','MEDIKOSTA', 'MSH....', TO_DATE('2017/07/15 10:20:00', 'YYYY/MM/DD HH:MI:SS'), 'WAS','INFO33_03', 'ERROR');
INSERT INTO PSI_TRAZAS (ID, ID_MENSAJE, SIST_MENSAJE, MENSAJE, FECHA, MODULO, DESTINO, ERROR) VALUES ('5', '5','AXPE', 'MSH....', TO_DATE('2017/07/15 12:30:00', 'YYYY/MM/DD HH:MI:SS'), 'WAS','INFO33_03', 'ERROR');

INSERT INTO PSI_TRAZAS (ID, ID_MENSAJE, SIST_MENSAJE, MENSAJE, FECHA, MODULO, DESTINO, ERROR) VALUES ('6', '6','INFO33', 'MSH....', TO_DATE('2017/06/08 10:20:00', 'YYYY/MM/DD HH:MI:SS'), 'WAS','INFO33_03', 'ERROR');
INSERT INTO PSI_TRAZAS (ID, ID_MENSAJE, SIST_MENSAJE, MENSAJE, FECHA, MODULO, DESTINO, ERROR) VALUES ('7', '7','INFO33', 'MSH....', TO_DATE('2017/06/25 12:30:00', 'YYYY/MM/DD HH:MI:SS'), 'WAS','INFO33_03', 'ERROR');

INSERT INTO PSI_TRAZAS (ID, ID_MENSAJE, SIST_MENSAJE, MENSAJE, FECHA, MODULO, DESTINO, ERROR) VALUES ('8', '8','INFO33', 'MSH....', TO_DATE('2017/09/14 10:20:00', 'YYYY/MM/DD HH:MI:SS'), 'WAS','INFO33_03', 'ERROR');
INSERT INTO PSI_TRAZAS (ID, ID_MENSAJE, SIST_MENSAJE, MENSAJE, FECHA, MODULO, DESTINO, ERROR) VALUES ('9', '9','INFO33', 'MSH....', TO_DATE('2017/09/25 12:30:00', 'YYYY/MM/DD HH:MI:SS'), 'WAS','INFO33_03', 'ERROR');


INSERT INTO PSI_SISTEMAS (IDSISTEMA, DESCRIPCION) VALUES ('INFO33', 'Estacion clinica');
INSERT INTO PSI_SISTEMAS (IDSISTEMA, DESCRIPCION) VALUES ('MEDIKOSTA', 'Laboratorio MEDIKOSTA');
INSERT INTO PSI_SISTEMAS (IDSISTEMA, DESCRIPCION) VALUES ('GLU', 'Laboratorio GLUTAMATO');
